Destination,Period_No,Month,Half,Water_Temp_C,Rating,Marine_Life_Highlights,Conditions_Visibility,Currents
Red Sea (Egypt),1,Jan,early,23,Good,"Oceanic whitetip (south), threshers possible; reef & wreck focus","Clearest 'crystal' viz 20-40m; cool, occasional N wind","Sheltered bays mild; offshore marine parks (Brothers, Daedalus, Elphinstone) strong unpredictable drift; winter N winds can cancel exposed sites"
Red Sea (Egypt),2,Jan,late,23,Good,"Oceanic whitetip (south), threshers possible; reef & wreck focus","Clearest 'crystal' viz 20-40m; cool, occasional N wind","Sheltered bays mild; offshore marine parks (Brothers, Daedalus, Elphinstone) strong unpredictable drift; winter N winds can cancel exposed sites"
Red Sea (Egypt),3,Feb,early,22,Good,Reef/wreck focus; oceanic whitetip south,Coldest water; clearest viz; calm-but-windy,"Sheltered bays mild; offshore marine parks (Brothers, Daedalus, Elphinstone) strong unpredictable drift; winter N winds can cancel exposed sites"
Red Sea (Egypt),4,Feb,late,22,Good,Reef/wreck focus; oceanic whitetip south,Coldest water; clearest viz; calm-but-windy,"Sheltered bays mild; offshore marine parks (Brothers, Daedalus, Elphinstone) strong unpredictable drift; winter N winds can cancel exposed sites"
Red Sea (Egypt),5,Mar,early,22,Peak,"Big Fish season starts; mantas, early whale sharks late month",Warming; viz 20-40m,"Sheltered bays mild; offshore marine parks (Brothers, Daedalus, Elphinstone) strong unpredictable drift; winter N winds can cancel exposed sites"
Red Sea (Egypt),6,Mar,late,22,Peak,"Big Fish season starts; mantas, early whale sharks late month",Warming; viz 20-40m,"Sheltered bays mild; offshore marine parks (Brothers, Daedalus, Elphinstone) strong unpredictable drift; winter N winds can cancel exposed sites"
Red Sea (Egypt),7,Apr,early,24,Peak,"Big Fish season; mantas, early whale sharks","Warm, calm; ideal shoulder","Sheltered bays mild; offshore marine parks (Brothers, Daedalus, Elphinstone) strong unpredictable drift; winter N winds can cancel exposed sites"
Red Sea (Egypt),8,Apr,late,24,Peak,"Big Fish season; mantas, early whale sharks","Warm, calm; ideal shoulder","Sheltered bays mild; offshore marine parks (Brothers, Daedalus, Elphinstone) strong unpredictable drift; winter N winds can cancel exposed sites"
Red Sea (Egypt),9,May,early,26,Peak,Whale sharks building; hammerheads ramping at offshore reefs,"Warm, calm crossings","Sheltered bays mild; offshore marine parks (Brothers, Daedalus, Elphinstone) strong unpredictable drift; winter N winds can cancel exposed sites"
Red Sea (Egypt),10,May,late,26,Peak,Whale sharks building; hammerheads ramping at offshore reefs,"Warm, calm crossings","Sheltered bays mild; offshore marine parks (Brothers, Daedalus, Elphinstone) strong unpredictable drift; winter N winds can cancel exposed sites"
Red Sea (Egypt),11,Jun,early,28,Peak,Whale shark peak begins; hammerheads building,Warm; calm; summer onset,"Sheltered bays mild; offshore marine parks (Brothers, Daedalus, Elphinstone) strong unpredictable drift; winter N winds can cancel exposed sites"
Red Sea (Egypt),12,Jun,late,28,Peak,Whale shark peak begins; hammerheads building,Warm; calm; summer onset,"Sheltered bays mild; offshore marine parks (Brothers, Daedalus, Elphinstone) strong unpredictable drift; winter N winds can cancel exposed sites"
Red Sea (Egypt),13,Jul,early,29,Good,Hammerhead peak (Daedalus/Brothers); whale sharks,Hottest air; calmest crossings; slight plankton dip,"Sheltered bays mild; offshore marine parks (Brothers, Daedalus, Elphinstone) strong unpredictable drift; winter N winds can cancel exposed sites"
Red Sea (Egypt),14,Jul,late,29,Good,Hammerhead peak (Daedalus/Brothers); whale sharks,Hottest air; calmest crossings; slight plankton dip,"Sheltered bays mild; offshore marine parks (Brothers, Daedalus, Elphinstone) strong unpredictable drift; winter N winds can cancel exposed sites"
Red Sea (Egypt),15,Aug,early,30,Good,Hammerheads continue; coral spawning (lunar),Warmest water ~30C shallows; calm,"Sheltered bays mild; offshore marine parks (Brothers, Daedalus, Elphinstone) strong unpredictable drift; winter N winds can cancel exposed sites"
Red Sea (Egypt),16,Aug,late,30,Good,Hammerheads continue; coral spawning (lunar),Warmest water ~30C shallows; calm,"Sheltered bays mild; offshore marine parks (Brothers, Daedalus, Elphinstone) strong unpredictable drift; winter N winds can cancel exposed sites"
Red Sea (Egypt),17,Sep,early,29,Peak,"Balanced: wrecks+reefs+pelagics; mantas, threshers begin","Warm, calm; connoisseur favorite","Sheltered bays mild; offshore marine parks (Brothers, Daedalus, Elphinstone) strong unpredictable drift; winter N winds can cancel exposed sites"
Red Sea (Egypt),18,Sep,late,29,Peak,"Balanced: wrecks+reefs+pelagics; mantas, threshers begin","Warm, calm; connoisseur favorite","Sheltered bays mild; offshore marine parks (Brothers, Daedalus, Elphinstone) strong unpredictable drift; winter N winds can cancel exposed sites"
Red Sea (Egypt),19,Oct,early,27,Peak,Oceanic whitetip & thresher building; mantas,"Ideal warmth, calm seas","Sheltered bays mild; offshore marine parks (Brothers, Daedalus, Elphinstone) strong unpredictable drift; winter N winds can cancel exposed sites"
Red Sea (Egypt),20,Oct,late,27,Peak,Oceanic whitetip & thresher building; mantas,"Ideal warmth, calm seas","Sheltered bays mild; offshore marine parks (Brothers, Daedalus, Elphinstone) strong unpredictable drift; winter N winds can cancel exposed sites"
Red Sea (Egypt),21,Nov,early,25,Peak,Oceanic whitetip + thresher PEAK (Brothers); mantas,Prime shark month; cooling,"Sheltered bays mild; offshore marine parks (Brothers, Daedalus, Elphinstone) strong unpredictable drift; winter N winds can cancel exposed sites"
Red Sea (Egypt),22,Nov,late,25,Peak,Oceanic whitetip + thresher PEAK (Brothers); mantas,Prime shark month; cooling,"Sheltered bays mild; offshore marine parks (Brothers, Daedalus, Elphinstone) strong unpredictable drift; winter N winds can cancel exposed sites"
Red Sea (Egypt),23,Dec,early,24,Good,Threshers continue; oceanic whitetip south,Mild winter; clear viz; occasional wind,"Sheltered bays mild; offshore marine parks (Brothers, Daedalus, Elphinstone) strong unpredictable drift; winter N winds can cancel exposed sites"
Red Sea (Egypt),24,Dec,late,24,Good,Threshers continue; oceanic whitetip south,Mild winter; clear viz; occasional wind,"Sheltered bays mild; offshore marine parks (Brothers, Daedalus, Elphinstone) strong unpredictable drift; winter N winds can cancel exposed sites"
Seychelles,1,Jan,early,28,Good,Hawksbill turtle nesting peak; eagle rays; whale sharks may linger,"NW monsoon; warm, sheltered SE coasts","Inner islands (Mahe/Praslin) mild & beginner-friendly; SE trades May-Oct bring 20-30kt winds, surge, upwelling; outer islands/Aldabra liveaboard/permit only"
Seychelles,2,Jan,late,28,Good,Hawksbill turtle nesting peak; eagle rays; whale sharks may linger,"NW monsoon; warm, sheltered SE coasts","Inner islands (Mahe/Praslin) mild & beginner-friendly; SE trades May-Oct bring 20-30kt winds, surge, upwelling; outer islands/Aldabra liveaboard/permit only"
Seychelles,3,Feb,early,29,Good,"Turtle nesting; reef life, eagle rays",Warm; calm NW monsoon,"Inner islands (Mahe/Praslin) mild & beginner-friendly; SE trades May-Oct bring 20-30kt winds, surge, upwelling; outer islands/Aldabra liveaboard/permit only"
Seychelles,4,Feb,late,29,Good,"Turtle nesting; reef life, eagle rays",Warm; calm NW monsoon,"Inner islands (Mahe/Praslin) mild & beginner-friendly; SE trades May-Oct bring 20-30kt winds, surge, upwelling; outer islands/Aldabra liveaboard/permit only"
Seychelles,5,Mar,early,29,Good,Turtle nesting; early whale sharks (Amirantes late Mar),Warm-water peak approaching,"Inner islands (Mahe/Praslin) mild & beginner-friendly; SE trades May-Oct bring 20-30kt winds, surge, upwelling; outer islands/Aldabra liveaboard/permit only"
Seychelles,6,Mar,late,29,Good,Turtle nesting; early whale sharks (Amirantes late Mar),Warm-water peak approaching,"Inner islands (Mahe/Praslin) mild & beginner-friendly; SE trades May-Oct bring 20-30kt winds, surge, upwelling; outer islands/Aldabra liveaboard/permit only"
Seychelles,7,Apr,early,30,Peak,Whale sharks (Amirantes Apr-May peak),"Transition: flat seas, best viz 25-35m, 30C","Inner islands (Mahe/Praslin) mild & beginner-friendly; SE trades May-Oct bring 20-30kt winds, surge, upwelling; outer islands/Aldabra liveaboard/permit only"
Seychelles,8,Apr,late,30,Peak,Whale sharks (Amirantes Apr-May peak),"Transition: flat seas, best viz 25-35m, 30C","Inner islands (Mahe/Praslin) mild & beginner-friendly; SE trades May-Oct bring 20-30kt winds, surge, upwelling; outer islands/Aldabra liveaboard/permit only"
Seychelles,9,May,early,28,Peak,Whale shark peak (Amirantes); moving to inner waters,SE trades start; still good,"Inner islands (Mahe/Praslin) mild & beginner-friendly; SE trades May-Oct bring 20-30kt winds, surge, upwelling; outer islands/Aldabra liveaboard/permit only"
Seychelles,10,May,late,28,Peak,Whale shark peak (Amirantes); moving to inner waters,SE trades start; still good,"Inner islands (Mahe/Praslin) mild & beginner-friendly; SE trades May-Oct bring 20-30kt winds, surge, upwelling; outer islands/Aldabra liveaboard/permit only"
Seychelles,11,Jun,early,27,Good,Whale sharks through inner islands; trevally/jack schools,SE trades established; choppy exposed coasts,"Inner islands (Mahe/Praslin) mild & beginner-friendly; SE trades May-Oct bring 20-30kt winds, surge, upwelling; outer islands/Aldabra liveaboard/permit only"
Seychelles,12,Jun,late,27,Good,Whale sharks through inner islands; trevally/jack schools,SE trades established; choppy exposed coasts,"Inner islands (Mahe/Praslin) mild & beginner-friendly; SE trades May-Oct bring 20-30kt winds, surge, upwelling; outer islands/Aldabra liveaboard/permit only"
Seychelles,13,Jul,early,26,Good,Whale sharks; pelagic action outer chains,Coolest; thermocline ~24C; windy,"Inner islands (Mahe/Praslin) mild & beginner-friendly; SE trades May-Oct bring 20-30kt winds, surge, upwelling; outer islands/Aldabra liveaboard/permit only"
Seychelles,14,Jul,late,26,Good,Whale sharks; pelagic action outer chains,Coolest; thermocline ~24C; windy,"Inner islands (Mahe/Praslin) mild & beginner-friendly; SE trades May-Oct bring 20-30kt winds, surge, upwelling; outer islands/Aldabra liveaboard/permit only"
Seychelles,15,Aug,early,26,Good,Whale shark aggregation building (Mahe NW/Beau Vallon); spinner dolphins,"Cool, windy; sheltered coasts good","Inner islands (Mahe/Praslin) mild & beginner-friendly; SE trades May-Oct bring 20-30kt winds, surge, upwelling; outer islands/Aldabra liveaboard/permit only"
Seychelles,16,Aug,late,26,Good,Whale shark aggregation building (Mahe NW/Beau Vallon); spinner dolphins,"Cool, windy; sheltered coasts good","Inner islands (Mahe/Praslin) mild & beginner-friendly; SE trades May-Oct bring 20-30kt winds, surge, upwelling; outer islands/Aldabra liveaboard/permit only"
Seychelles,17,Sep,early,27,Good,Whale shark season opens in earnest; plankton blooms,Warming; trades easing,"Inner islands (Mahe/Praslin) mild & beginner-friendly; SE trades May-Oct bring 20-30kt winds, surge, upwelling; outer islands/Aldabra liveaboard/permit only"
Seychelles,18,Sep,late,27,Good,Whale shark season opens in earnest; plankton blooms,Warming; trades easing,"Inner islands (Mahe/Praslin) mild & beginner-friendly; SE trades May-Oct bring 20-30kt winds, surge, upwelling; outer islands/Aldabra liveaboard/permit only"
Seychelles,19,Oct,early,28,Peak,Whale shark PEAK; manta activity rising,"Transition; seas settling, viz recovering","Inner islands (Mahe/Praslin) mild & beginner-friendly; SE trades May-Oct bring 20-30kt winds, surge, upwelling; outer islands/Aldabra liveaboard/permit only"
Seychelles,20,Oct,late,28,Peak,Whale shark PEAK; manta activity rising,"Transition; seas settling, viz recovering","Inner islands (Mahe/Praslin) mild & beginner-friendly; SE trades May-Oct bring 20-30kt winds, surge, upwelling; outer islands/Aldabra liveaboard/permit only"
Seychelles,21,Nov,early,28,Peak,Whale shark best month; manta peak,"Calm, clear; excellent all-round","Inner islands (Mahe/Praslin) mild & beginner-friendly; SE trades May-Oct bring 20-30kt winds, surge, upwelling; outer islands/Aldabra liveaboard/permit only"
Seychelles,22,Nov,late,28,Peak,Whale shark best month; manta peak,"Calm, clear; excellent all-round","Inner islands (Mahe/Praslin) mild & beginner-friendly; SE trades May-Oct bring 20-30kt winds, surge, upwelling; outer islands/Aldabra liveaboard/permit only"
Seychelles,23,Dec,early,29,Good,Whale sharks tailing off; hawksbill nesting begins,"Warm, calm NW monsoon","Inner islands (Mahe/Praslin) mild & beginner-friendly; SE trades May-Oct bring 20-30kt winds, surge, upwelling; outer islands/Aldabra liveaboard/permit only"
Seychelles,24,Dec,late,29,Good,Whale sharks tailing off; hawksbill nesting begins,"Warm, calm NW monsoon","Inner islands (Mahe/Praslin) mild & beginner-friendly; SE trades May-Oct bring 20-30kt winds, surge, upwelling; outer islands/Aldabra liveaboard/permit only"
Raja Ampat,1,Jan,early,29,Peak,"Manta peak (Manta Sandy/Ridge); wobbegongs, walking sharks, pygmy seahorses",Peak NW monsoon; viz 20-30m+; secondary rain spike,"Drift diving central; strongest at Dampier Strait (Cape Kri, Sardine Reef, Blue Magic) driving nutrient upwellings; plankton/current build from May"
Raja Ampat,2,Jan,late,29,Peak,"Manta peak (Manta Sandy/Ridge); wobbegongs, walking sharks, pygmy seahorses",Peak NW monsoon; viz 20-30m+; secondary rain spike,"Drift diving central; strongest at Dampier Strait (Cape Kri, Sardine Reef, Blue Magic) driving nutrient upwellings; plankton/current build from May"
Raja Ampat,3,Feb,early,28,Peak,Manta peak (strongest); record reef biodiversity,Coolest; calm; viz good,"Drift diving central; strongest at Dampier Strait (Cape Kri, Sardine Reef, Blue Magic) driving nutrient upwellings; plankton/current build from May"
Raja Ampat,4,Feb,late,28,Peak,Manta peak (strongest); record reef biodiversity,Coolest; calm; viz good,"Drift diving central; strongest at Dampier Strait (Cape Kri, Sardine Reef, Blue Magic) driving nutrient upwellings; plankton/current build from May"
Raja Ampat,5,Mar,early,28,Peak,Late manta peak; macro,Calm NW monsoon; viz >30m,"Drift diving central; strongest at Dampier Strait (Cape Kri, Sardine Reef, Blue Magic) driving nutrient upwellings; plankton/current build from May"
Raja Ampat,6,Mar,late,28,Peak,Late manta peak; macro,Calm NW monsoon; viz >30m,"Drift diving central; strongest at Dampier Strait (Cape Kri, Sardine Reef, Blue Magic) driving nutrient upwellings; plankton/current build from May"
Raja Ampat,7,Apr,early,28,Good,Manta season tail; reef biodiversity,Season tail; still calm,"Drift diving central; strongest at Dampier Strait (Cape Kri, Sardine Reef, Blue Magic) driving nutrient upwellings; plankton/current build from May"
Raja Ampat,8,Apr,late,28,Good,Manta season tail; reef biodiversity,Season tail; still calm,"Drift diving central; strongest at Dampier Strait (Cape Kri, Sardine Reef, Blue Magic) driving nutrient upwellings; plankton/current build from May"
Raja Ampat,9,May,early,27,Shoulder,Macro & night diving shine; mantas scattered,Transition; currents/plankton building,"Drift diving central; strongest at Dampier Strait (Cape Kri, Sardine Reef, Blue Magic) driving nutrient upwellings; plankton/current build from May"
Raja Ampat,10,May,late,27,Shoulder,Macro & night diving shine; mantas scattered,Transition; currents/plankton building,"Drift diving central; strongest at Dampier Strait (Cape Kri, Sardine Reef, Blue Magic) driving nutrient upwellings; plankton/current build from May"
Raja Ampat,11,Jun,early,28,Low,"Macro, night dives; reef life","SE monsoon; rough, viz dropping","Drift diving central; strongest at Dampier Strait (Cape Kri, Sardine Reef, Blue Magic) driving nutrient upwellings; plankton/current build from May"
Raja Ampat,12,Jun,late,28,Low,"Macro, night dives; reef life","SE monsoon; rough, viz dropping","Drift diving central; strongest at Dampier Strait (Cape Kri, Sardine Reef, Blue Magic) driving nutrient upwellings; plankton/current build from May"
Raja Ampat,13,Jul,early,28,Low,"Macro, critters; reef sharks","Low season: rough 1.5-3m, wettest; liveaboards pause","Drift diving central; strongest at Dampier Strait (Cape Kri, Sardine Reef, Blue Magic) driving nutrient upwellings; plankton/current build from May"
Raja Ampat,14,Jul,late,28,Low,"Macro, critters; reef sharks","Low season: rough 1.5-3m, wettest; liveaboards pause","Drift diving central; strongest at Dampier Strait (Cape Kri, Sardine Reef, Blue Magic) driving nutrient upwellings; plankton/current build from May"
Raja Ampat,15,Aug,early,28,Low,"Macro, night diving",Stormy; low season; many liveaboards reposition,"Drift diving central; strongest at Dampier Strait (Cape Kri, Sardine Reef, Blue Magic) driving nutrient upwellings; plankton/current build from May"
Raja Ampat,16,Aug,late,28,Low,"Macro, night diving",Stormy; low season; many liveaboards reposition,"Drift diving central; strongest at Dampier Strait (Cape Kri, Sardine Reef, Blue Magic) driving nutrient upwellings; plankton/current build from May"
Raja Ampat,17,Sep,early,28,Shoulder,Macro; reef life; mantas returning late,Transition; conditions improving,"Drift diving central; strongest at Dampier Strait (Cape Kri, Sardine Reef, Blue Magic) driving nutrient upwellings; plankton/current build from May"
Raja Ampat,18,Sep,late,28,Shoulder,Macro; reef life; mantas returning late,Transition; conditions improving,"Drift diving central; strongest at Dampier Strait (Cape Kri, Sardine Reef, Blue Magic) driving nutrient upwellings; plankton/current build from May"
Raja Ampat,19,Oct,early,29,Good,Season opens; mantas building,Calm seas return; viz 25-40m,"Drift diving central; strongest at Dampier Strait (Cape Kri, Sardine Reef, Blue Magic) driving nutrient upwellings; plankton/current build from May"
Raja Ampat,20,Oct,late,29,Good,Season opens; mantas building,Calm seas return; viz 25-40m,"Drift diving central; strongest at Dampier Strait (Cape Kri, Sardine Reef, Blue Magic) driving nutrient upwellings; plankton/current build from May"
Raja Ampat,21,Nov,early,29,Good,Manta season opens (Manta Sandy/Ridge),Warm; calm; thermocline ~22C deep Misool,"Drift diving central; strongest at Dampier Strait (Cape Kri, Sardine Reef, Blue Magic) driving nutrient upwellings; plankton/current build from May"
Raja Ampat,22,Nov,late,29,Good,Manta season opens (Manta Sandy/Ridge),Warm; calm; thermocline ~22C deep Misool,"Drift diving central; strongest at Dampier Strait (Cape Kri, Sardine Reef, Blue Magic) driving nutrient upwellings; plankton/current build from May"
Raja Ampat,23,Dec,early,30,Peak,"Manta peak begins; warmest, calm",Peak season; viz 20-30m+; secondary rain,"Drift diving central; strongest at Dampier Strait (Cape Kri, Sardine Reef, Blue Magic) driving nutrient upwellings; plankton/current build from May"
Raja Ampat,24,Dec,late,30,Peak,"Manta peak begins; warmest, calm",Peak season; viz 20-30m+; secondary rain,"Drift diving central; strongest at Dampier Strait (Cape Kri, Sardine Reef, Blue Magic) driving nutrient upwellings; plankton/current build from May"
Galapagos Islands,1,Jan,early,24,Good,"Mantas; hammerhead schools (smaller); sea lions, iguanas","Warm season; calm, smooth crossings; viz 15-30m","Notoriously strong - 4 converging currents; negative entries, down-currents, surge; Darwin & Wolf advanced/liveaboard-only; Gordon's Rocks 'washing machine'"
Galapagos Islands,2,Jan,late,24,Good,"Mantas; hammerhead schools (smaller); sea lions, iguanas","Warm season; calm, smooth crossings; viz 15-30m","Notoriously strong - 4 converging currents; negative entries, down-currents, surge; Darwin & Wolf advanced/liveaboard-only; Gordon's Rocks 'washing machine'"
Galapagos Islands,3,Feb,early,25,Good,"Mantas, eagle rays; warmest period",Warmest; calm; better viz,"Notoriously strong - 4 converging currents; negative entries, down-currents, surge; Darwin & Wolf advanced/liveaboard-only; Gordon's Rocks 'washing machine'"
Galapagos Islands,4,Feb,late,25,Good,"Mantas, eagle rays; warmest period",Warmest; calm; better viz,"Notoriously strong - 4 converging currents; negative entries, down-currents, surge; Darwin & Wolf advanced/liveaboard-only; Gordon's Rocks 'washing machine'"
Galapagos Islands,5,Mar,early,25,Good,Mantas; calm-water megafauna,Warm peak; calm crossings,"Notoriously strong - 4 converging currents; negative entries, down-currents, surge; Darwin & Wolf advanced/liveaboard-only; Gordon's Rocks 'washing machine'"
Galapagos Islands,6,Mar,late,25,Good,Mantas; calm-water megafauna,Warm peak; calm crossings,"Notoriously strong - 4 converging currents; negative entries, down-currents, surge; Darwin & Wolf advanced/liveaboard-only; Gordon's Rocks 'washing machine'"
Galapagos Islands,7,Apr,early,25,Good,Mantas increasing; eagle rays,Warm; calm; good viz,"Notoriously strong - 4 converging currents; negative entries, down-currents, surge; Darwin & Wolf advanced/liveaboard-only; Gordon's Rocks 'washing machine'"
Galapagos Islands,8,Apr,late,25,Good,Mantas increasing; eagle rays,Warm; calm; good viz,"Notoriously strong - 4 converging currents; negative entries, down-currents, surge; Darwin & Wolf advanced/liveaboard-only; Gordon's Rocks 'washing machine'"
Galapagos Islands,9,May,early,25,Good,Mantas peak; last warm month,Transition; calm; good viz,"Notoriously strong - 4 converging currents; negative entries, down-currents, surge; Darwin & Wolf advanced/liveaboard-only; Gordon's Rocks 'washing machine'"
Galapagos Islands,10,May,late,25,Good,Mantas peak; last warm month,Transition; calm; good viz,"Notoriously strong - 4 converging currents; negative entries, down-currents, surge; Darwin & Wolf advanced/liveaboard-only; Gordon's Rocks 'washing machine'"
Galapagos Islands,11,Jun,early,23,Peak,Whale sharks arriving; hammerheads building; penguins active,Cool season begins; choppier; viz dropping,"Notoriously strong - 4 converging currents; negative entries, down-currents, surge; Darwin & Wolf advanced/liveaboard-only; Gordon's Rocks 'washing machine'"
Galapagos Islands,12,Jun,late,23,Peak,Whale sharks arriving; hammerheads building; penguins active,Cool season begins; choppier; viz dropping,"Notoriously strong - 4 converging currents; negative entries, down-currents, surge; Darwin & Wolf advanced/liveaboard-only; Gordon's Rocks 'washing machine'"
Galapagos Islands,13,Jul,early,22,Peak,Whale sharks; big hammerhead schools,Cooling; rough crossings; greener water,"Notoriously strong - 4 converging currents; negative entries, down-currents, surge; Darwin & Wolf advanced/liveaboard-only; Gordon's Rocks 'washing machine'"
Galapagos Islands,14,Jul,late,22,Peak,Whale sharks; big hammerhead schools,Cooling; rough crossings; greener water,"Notoriously strong - 4 converging currents; negative entries, down-currents, surge; Darwin & Wolf advanced/liveaboard-only; Gordon's Rocks 'washing machine'"
Galapagos Islands,15,Aug,early,21,Peak,Whale shark + hammerhead PEAK (Darwin/Wolf); mola mola,Coldest begins; cold thermoclines; rough; viz 5-20m,"Notoriously strong - 4 converging currents; negative entries, down-currents, surge; Darwin & Wolf advanced/liveaboard-only; Gordon's Rocks 'washing machine'"
Galapagos Islands,16,Aug,late,21,Peak,Whale shark + hammerhead PEAK (Darwin/Wolf); mola mola,Coldest begins; cold thermoclines; rough; viz 5-20m,"Notoriously strong - 4 converging currents; negative entries, down-currents, surge; Darwin & Wolf advanced/liveaboard-only; Gordon's Rocks 'washing machine'"
Galapagos Islands,17,Sep,early,21,Peak,"Peak megafauna: whale sharks, hammerheads, mola",Coldest; rough; low viz but peak animals,"Notoriously strong - 4 converging currents; negative entries, down-currents, surge; Darwin & Wolf advanced/liveaboard-only; Gordon's Rocks 'washing machine'"
Galapagos Islands,18,Sep,late,21,Peak,"Peak megafauna: whale sharks, hammerheads, mola",Coldest; rough; low viz but peak animals,"Notoriously strong - 4 converging currents; negative entries, down-currents, surge; Darwin & Wolf advanced/liveaboard-only; Gordon's Rocks 'washing machine'"
Galapagos Islands,19,Oct,early,21,Peak,Whale sharks tapering (still peak); hammerheads; mola,Cool; rough; plankton-green,"Notoriously strong - 4 converging currents; negative entries, down-currents, surge; Darwin & Wolf advanced/liveaboard-only; Gordon's Rocks 'washing machine'"
Galapagos Islands,20,Oct,late,21,Peak,Whale sharks tapering (still peak); hammerheads; mola,Cool; rough; plankton-green,"Notoriously strong - 4 converging currents; negative entries, down-currents, surge; Darwin & Wolf advanced/liveaboard-only; Gordon's Rocks 'washing machine'"
Galapagos Islands,21,Nov,early,22,Good,Hammerheads; mola; megafauna tapering,Transition; warming begins,"Notoriously strong - 4 converging currents; negative entries, down-currents, surge; Darwin & Wolf advanced/liveaboard-only; Gordon's Rocks 'washing machine'"
Galapagos Islands,22,Nov,late,22,Good,Hammerheads; mola; megafauna tapering,Transition; warming begins,"Notoriously strong - 4 converging currents; negative entries, down-currents, surge; Darwin & Wolf advanced/liveaboard-only; Gordon's Rocks 'washing machine'"
Galapagos Islands,23,Dec,early,23,Good,Mantas returning; hammerheads,Warm season begins; calmer,"Notoriously strong - 4 converging currents; negative entries, down-currents, surge; Darwin & Wolf advanced/liveaboard-only; Gordon's Rocks 'washing machine'"
Galapagos Islands,24,Dec,late,23,Good,Mantas returning; hammerheads,Warm season begins; calmer,"Notoriously strong - 4 converging currents; negative entries, down-currents, surge; Darwin & Wolf advanced/liveaboard-only; Gordon's Rocks 'washing machine'"
Sipadan Island,1,Jan,early,28,Good,"Barracuda tornado, jackfish, reef sharks, turtles; CNY window",Cooler; N wind can cut viz to 10-20m,"Currents are the key variable (stronger=more action); Barracuda Point (barracuda tornado, dawn hammerheads), South Point (strongest, pelagics), Drop Off (gentle)"
Sipadan Island,2,Jan,late,28,Good,"Barracuda tornado, jackfish, reef sharks, turtles; CNY window",Cooler; N wind can cut viz to 10-20m,"Currents are the key variable (stronger=more action); Barracuda Point (barracuda tornado, dawn hammerheads), South Point (strongest, pelagics), Drop Off (gentle)"
Sipadan Island,3,Feb,early,28,Good,"Barracuda tornado, reef sharks, turtles",Cooler; N wind; viz variable,"Currents are the key variable (stronger=more action); Barracuda Point (barracuda tornado, dawn hammerheads), South Point (strongest, pelagics), Drop Off (gentle)"
Sipadan Island,4,Feb,late,28,Good,"Barracuda tornado, reef sharks, turtles",Cooler; N wind; viz variable,"Currents are the key variable (stronger=more action); Barracuda Point (barracuda tornado, dawn hammerheads), South Point (strongest, pelagics), Drop Off (gentle)"
Sipadan Island,5,Mar,early,29,Peak,"Turtles (20+/dive), barracuda, reef sharks; nesting begins",Prime window opens; calm; viz 20-40m,"Currents are the key variable (stronger=more action); Barracuda Point (barracuda tornado, dawn hammerheads), South Point (strongest, pelagics), Drop Off (gentle)"
Sipadan Island,6,Mar,late,29,Peak,"Turtles (20+/dive), barracuda, reef sharks; nesting begins",Prime window opens; calm; viz 20-40m,"Currents are the key variable (stronger=more action); Barracuda Point (barracuda tornado, dawn hammerheads), South Point (strongest, pelagics), Drop Off (gentle)"
Sipadan Island,7,Apr,early,30,Peak,"Turtle nesting begins; barracuda tornado, bumpheads","Calm seas, excellent viz","Currents are the key variable (stronger=more action); Barracuda Point (barracuda tornado, dawn hammerheads), South Point (strongest, pelagics), Drop Off (gentle)"
Sipadan Island,8,Apr,late,30,Peak,"Turtle nesting begins; barracuda tornado, bumpheads","Calm seas, excellent viz","Currents are the key variable (stronger=more action); Barracuda Point (barracuda tornado, dawn hammerheads), South Point (strongest, pelagics), Drop Off (gentle)"
Sipadan Island,9,May,early,30,Peak,Turtle nesting full swing; peak conditions,"Peak: warmest, best viz, calmest","Currents are the key variable (stronger=more action); Barracuda Point (barracuda tornado, dawn hammerheads), South Point (strongest, pelagics), Drop Off (gentle)"
Sipadan Island,10,May,late,30,Peak,Turtle nesting full swing; peak conditions,"Peak: warmest, best viz, calmest","Currents are the key variable (stronger=more action); Barracuda Point (barracuda tornado, dawn hammerheads), South Point (strongest, pelagics), Drop Off (gentle)"
Sipadan Island,11,Jun,early,30,Peak,"Turtles abundant; barracuda tornado, reef sharks",Peak conditions; viz 20-50m,"Currents are the key variable (stronger=more action); Barracuda Point (barracuda tornado, dawn hammerheads), South Point (strongest, pelagics), Drop Off (gentle)"
Sipadan Island,12,Jun,late,30,Peak,"Turtles abundant; barracuda tornado, reef sharks",Peak conditions; viz 20-50m,"Currents are the key variable (stronger=more action); Barracuda Point (barracuda tornado, dawn hammerheads), South Point (strongest, pelagics), Drop Off (gentle)"
Sipadan Island,13,Jul,early,30,Peak,Turtles; barracuda; occasional hammerheads (dawn),"Peak/late prime; warm, calm","Currents are the key variable (stronger=more action); Barracuda Point (barracuda tornado, dawn hammerheads), South Point (strongest, pelagics), Drop Off (gentle)"
Sipadan Island,14,Jul,late,30,Peak,Turtles; barracuda; occasional hammerheads (dawn),"Peak/late prime; warm, calm","Currents are the key variable (stronger=more action); Barracuda Point (barracuda tornado, dawn hammerheads), South Point (strongest, pelagics), Drop Off (gentle)"
Sipadan Island,15,Aug,early,29,Good,Turtles; nesting tapers; reef sharks,S winds can briefly cut viz; still good,"Currents are the key variable (stronger=more action); Barracuda Point (barracuda tornado, dawn hammerheads), South Point (strongest, pelagics), Drop Off (gentle)"
Sipadan Island,16,Aug,late,29,Good,Turtles; nesting tapers; reef sharks,S winds can briefly cut viz; still good,"Currents are the key variable (stronger=more action); Barracuda Point (barracuda tornado, dawn hammerheads), South Point (strongest, pelagics), Drop Off (gentle)"
Sipadan Island,17,Sep,early,28,Peak,"Turtles, barracuda; 2nd prime window",Seas settle; viz outstanding 30m+,"Currents are the key variable (stronger=more action); Barracuda Point (barracuda tornado, dawn hammerheads), South Point (strongest, pelagics), Drop Off (gentle)"
Sipadan Island,18,Sep,late,28,Peak,"Turtles, barracuda; 2nd prime window",Seas settle; viz outstanding 30m+,"Currents are the key variable (stronger=more action); Barracuda Point (barracuda tornado, dawn hammerheads), South Point (strongest, pelagics), Drop Off (gentle)"
Sipadan Island,19,Oct,early,28,Peak,"Barracuda tornado, turtles, reef sharks",2nd excellent window; viz 30-50m+,"Currents are the key variable (stronger=more action); Barracuda Point (barracuda tornado, dawn hammerheads), South Point (strongest, pelagics), Drop Off (gentle)"
Sipadan Island,20,Oct,late,28,Peak,"Barracuda tornado, turtles, reef sharks",2nd excellent window; viz 30-50m+,"Currents are the key variable (stronger=more action); Barracuda Point (barracuda tornado, dawn hammerheads), South Point (strongest, pelagics), Drop Off (gentle)"
Sipadan Island,21,Nov,early,0,Closed,ISLAND CLOSED for conservation (nearby Mabul/Kapalai divable),CLOSED all month (Sabah Parks),"Currents are the key variable (stronger=more action); Barracuda Point (barracuda tornado, dawn hammerheads), South Point (strongest, pelagics), Drop Off (gentle)"
Sipadan Island,22,Nov,late,0,Closed,ISLAND CLOSED for conservation (nearby Mabul/Kapalai divable),CLOSED all month (Sabah Parks),"Currents are the key variable (stronger=more action); Barracuda Point (barracuda tornado, dawn hammerheads), South Point (strongest, pelagics), Drop Off (gentle)"
Sipadan Island,23,Dec,early,28,Good,"Residents present; turtles, barracuda",Rainy onset; viz softer; slightly cooler,"Currents are the key variable (stronger=more action); Barracuda Point (barracuda tornado, dawn hammerheads), South Point (strongest, pelagics), Drop Off (gentle)"
Sipadan Island,24,Dec,late,28,Good,"Residents present; turtles, barracuda",Rainy onset; viz softer; slightly cooler,"Currents are the key variable (stronger=more action); Barracuda Point (barracuda tornado, dawn hammerheads), South Point (strongest, pelagics), Drop Off (gentle)"
Maldives,1,Jan,early,28,Peak,Hammerheads Rasdhoo (dawn); Fuvahmulah tiger sharks; grey reef sharks,"NE monsoon: best viz 30-40m, calm","Monsoon-driven channel (kandu) drift; NE monsoon (Dec-Apr) dive east side for viz/pelagics, mantas west; SW monsoon (May-Nov) dive west side, mantas/whale sharks east; strongest at full/new moon"
Maldives,2,Jan,late,28,Peak,Hammerheads Rasdhoo (dawn); Fuvahmulah tiger sharks; grey reef sharks,"NE monsoon: best viz 30-40m, calm","Monsoon-driven channel (kandu) drift; NE monsoon (Dec-Apr) dive east side for viz/pelagics, mantas west; SW monsoon (May-Nov) dive west side, mantas/whale sharks east; strongest at full/new moon"
Maldives,3,Feb,early,28,Peak,Hammerheads Rasdhoo; Fuvahmulah tigers (peak),Peak dry season; superb viz,"Monsoon-driven channel (kandu) drift; NE monsoon (Dec-Apr) dive east side for viz/pelagics, mantas west; SW monsoon (May-Nov) dive west side, mantas/whale sharks east; strongest at full/new moon"
Maldives,4,Feb,late,28,Peak,Hammerheads Rasdhoo; Fuvahmulah tigers (peak),Peak dry season; superb viz,"Monsoon-driven channel (kandu) drift; NE monsoon (Dec-Apr) dive east side for viz/pelagics, mantas west; SW monsoon (May-Nov) dive west side, mantas/whale sharks east; strongest at full/new moon"
Maldives,5,Mar,early,29,Peak,Hammerheads Rasdhoo (Feb-May); Fuvahmulah tigers,Clear water; calm; all-round diving,"Monsoon-driven channel (kandu) drift; NE monsoon (Dec-Apr) dive east side for viz/pelagics, mantas west; SW monsoon (May-Nov) dive west side, mantas/whale sharks east; strongest at full/new moon"
Maldives,6,Mar,late,29,Peak,Hammerheads Rasdhoo (Feb-May); Fuvahmulah tigers,Clear water; calm; all-round diving,"Monsoon-driven channel (kandu) drift; NE monsoon (Dec-Apr) dive east side for viz/pelagics, mantas west; SW monsoon (May-Nov) dive west side, mantas/whale sharks east; strongest at full/new moon"
Maldives,7,Apr,early,30,Peak,Hammerhead season closing; manta activity strengthening,Warmest; tail of NE monsoon,"Monsoon-driven channel (kandu) drift; NE monsoon (Dec-Apr) dive east side for viz/pelagics, mantas west; SW monsoon (May-Nov) dive west side, mantas/whale sharks east; strongest at full/new moon"
Maldives,8,Apr,late,30,Peak,Hammerhead season closing; manta activity strengthening,Warmest; tail of NE monsoon,"Monsoon-driven channel (kandu) drift; NE monsoon (Dec-Apr) dive east side for viz/pelagics, mantas west; SW monsoon (May-Nov) dive west side, mantas/whale sharks east; strongest at full/new moon"
Maldives,9,May,early,30,Good,Manta peak begins; whale sharks building,Transition; SW monsoon starts; viz dropping,"Monsoon-driven channel (kandu) drift; NE monsoon (Dec-Apr) dive east side for viz/pelagics, mantas west; SW monsoon (May-Nov) dive west side, mantas/whale sharks east; strongest at full/new moon"
Maldives,10,May,late,30,Good,Manta peak begins; whale sharks building,Transition; SW monsoon starts; viz dropping,"Monsoon-driven channel (kandu) drift; NE monsoon (Dec-Apr) dive east side for viz/pelagics, mantas west; SW monsoon (May-Nov) dive west side, mantas/whale sharks east; strongest at full/new moon"
Maldives,11,Jun,early,29,Good,Manta peak; whale sharks (S Ari),SW monsoon; plankton; viz 15-25m,"Monsoon-driven channel (kandu) drift; NE monsoon (Dec-Apr) dive east side for viz/pelagics, mantas west; SW monsoon (May-Nov) dive west side, mantas/whale sharks east; strongest at full/new moon"
Maldives,12,Jun,late,29,Good,Manta peak; whale sharks (S Ari),SW monsoon; plankton; viz 15-25m,"Monsoon-driven channel (kandu) drift; NE monsoon (Dec-Apr) dive east side for viz/pelagics, mantas west; SW monsoon (May-Nov) dive west side, mantas/whale sharks east; strongest at full/new moon"
Maldives,13,Jul,early,29,Peak,Whale shark peak (S Ari); Hanifaru manta aggregation begins,Plankton-rich; lower viz; stronger currents,"Monsoon-driven channel (kandu) drift; NE monsoon (Dec-Apr) dive east side for viz/pelagics, mantas west; SW monsoon (May-Nov) dive west side, mantas/whale sharks east; strongest at full/new moon"
Maldives,14,Jul,late,29,Peak,Whale shark peak (S Ari); Hanifaru manta aggregation begins,Plankton-rich; lower viz; stronger currents,"Monsoon-driven channel (kandu) drift; NE monsoon (Dec-Apr) dive east side for viz/pelagics, mantas west; SW monsoon (May-Nov) dive west side, mantas/whale sharks east; strongest at full/new moon"
Maldives,15,Aug,early,29,Peak,Hanifaru Bay manta+whale-shark PEAK (100+ mantas),Best Hanifaru activity; viz 10-25m; full/new moon best,"Monsoon-driven channel (kandu) drift; NE monsoon (Dec-Apr) dive east side for viz/pelagics, mantas west; SW monsoon (May-Nov) dive west side, mantas/whale sharks east; strongest at full/new moon"
Maldives,16,Aug,late,29,Peak,Hanifaru Bay manta+whale-shark PEAK (100+ mantas),Best Hanifaru activity; viz 10-25m; full/new moon best,"Monsoon-driven channel (kandu) drift; NE monsoon (Dec-Apr) dive east side for viz/pelagics, mantas west; SW monsoon (May-Nov) dive west side, mantas/whale sharks east; strongest at full/new moon"
Maldives,17,Sep,early,29,Peak,Hanifaru manta peak; whale sharks,Hanifaru peak; lower viz; plankton soup,"Monsoon-driven channel (kandu) drift; NE monsoon (Dec-Apr) dive east side for viz/pelagics, mantas west; SW monsoon (May-Nov) dive west side, mantas/whale sharks east; strongest at full/new moon"
Maldives,18,Sep,late,29,Peak,Hanifaru manta peak; whale sharks,Hanifaru peak; lower viz; plankton soup,"Monsoon-driven channel (kandu) drift; NE monsoon (Dec-Apr) dive east side for viz/pelagics, mantas west; SW monsoon (May-Nov) dive west side, mantas/whale sharks east; strongest at full/new moon"
Maldives,19,Oct,early,29,Peak,Hanifaru tail; whale sharks frequent; mantas,Mantas peak Jul-Oct; viz improving,"Monsoon-driven channel (kandu) drift; NE monsoon (Dec-Apr) dive east side for viz/pelagics, mantas west; SW monsoon (May-Nov) dive west side, mantas/whale sharks east; strongest at full/new moon"
Maldives,20,Oct,late,29,Peak,Hanifaru tail; whale sharks frequent; mantas,Mantas peak Jul-Oct; viz improving,"Monsoon-driven channel (kandu) drift; NE monsoon (Dec-Apr) dive east side for viz/pelagics, mantas west; SW monsoon (May-Nov) dive west side, mantas/whale sharks east; strongest at full/new moon"
Maldives,21,Nov,early,28,Good,Whale sharks (Jul-Nov); mantas around,End SW monsoon; viz improving,"Monsoon-driven channel (kandu) drift; NE monsoon (Dec-Apr) dive east side for viz/pelagics, mantas west; SW monsoon (May-Nov) dive west side, mantas/whale sharks east; strongest at full/new moon"
Maldives,22,Nov,late,28,Good,Whale sharks (Jul-Nov); mantas around,End SW monsoon; viz improving,"Monsoon-driven channel (kandu) drift; NE monsoon (Dec-Apr) dive east side for viz/pelagics, mantas west; SW monsoon (May-Nov) dive west side, mantas/whale sharks east; strongest at full/new moon"
Maldives,23,Dec,early,28,Peak,Hammerheads Rasdhoo returning; Fuvahmulah tigers; grey reef sharks,"NE monsoon: best viz returns 30-40m, calm","Monsoon-driven channel (kandu) drift; NE monsoon (Dec-Apr) dive east side for viz/pelagics, mantas west; SW monsoon (May-Nov) dive west side, mantas/whale sharks east; strongest at full/new moon"
Maldives,24,Dec,late,28,Peak,Hammerheads Rasdhoo returning; Fuvahmulah tigers; grey reef sharks,"NE monsoon: best viz returns 30-40m, calm","Monsoon-driven channel (kandu) drift; NE monsoon (Dec-Apr) dive east side for viz/pelagics, mantas west; SW monsoon (May-Nov) dive west side, mantas/whale sharks east; strongest at full/new moon"
Palau,1,Jan,early,28,Good,Moorish idol aggregation (full moon); mantas; grey reef sharks; whale sharks,Dry season; calm; viz >30m; Jellyfish Lake,"Tidal, strongest at full/new moon; Blue Corner (reef hooks, viz 28m+ incoming), Ulong Channel (high-speed drift), German Channel (gentle, manta cleaning), Peleliu (dangerous down-currents, dry-season only)"
Palau,2,Jan,late,28,Good,Moorish idol aggregation (full moon); mantas; grey reef sharks; whale sharks,Dry season; calm; viz >30m; Jellyfish Lake,"Tidal, strongest at full/new moon; Blue Corner (reef hooks, viz 28m+ incoming), Ulong Channel (high-speed drift), German Channel (gentle, manta cleaning), Peleliu (dangerous down-currents, dry-season only)"
Palau,3,Feb,early,28,Peak,Snapper & moorish idol spawning (full moon); mantas; grey reef sharks,Coolest; calmest seas; viz 30-40m+,"Tidal, strongest at full/new moon; Blue Corner (reef hooks, viz 28m+ incoming), Ulong Channel (high-speed drift), German Channel (gentle, manta cleaning), Peleliu (dangerous down-currents, dry-season only)"
Palau,4,Feb,late,28,Peak,Snapper & moorish idol spawning (full moon); mantas; grey reef sharks,Coolest; calmest seas; viz 30-40m+,"Tidal, strongest at full/new moon; Blue Corner (reef hooks, viz 28m+ incoming), Ulong Channel (high-speed drift), German Channel (gentle, manta cleaning), Peleliu (dangerous down-currents, dry-season only)"
Palau,5,Mar,early,29,Peak,Grey-reef shark peak begins; bumphead spawning (new moon); mantas,Peak dry season; viz >30m,"Tidal, strongest at full/new moon; Blue Corner (reef hooks, viz 28m+ incoming), Ulong Channel (high-speed drift), German Channel (gentle, manta cleaning), Peleliu (dangerous down-currents, dry-season only)"
Palau,6,Mar,late,29,Peak,Grey-reef shark peak begins; bumphead spawning (new moon); mantas,Peak dry season; viz >30m,"Tidal, strongest at full/new moon; Blue Corner (reef hooks, viz 28m+ incoming), Ulong Channel (high-speed drift), German Channel (gentle, manta cleaning), Peleliu (dangerous down-currents, dry-season only)"
Palau,7,Apr,early,29,Peak,Grey-reef shark peak; bumphead spawning; mantas; whale sharks,Best month; calm; viz 30-40m+,"Tidal, strongest at full/new moon; Blue Corner (reef hooks, viz 28m+ incoming), Ulong Channel (high-speed drift), German Channel (gentle, manta cleaning), Peleliu (dangerous down-currents, dry-season only)"
Palau,8,Apr,late,29,Peak,Grey-reef shark peak; bumphead spawning; mantas; whale sharks,Best month; calm; viz 30-40m+,"Tidal, strongest at full/new moon; Blue Corner (reef hooks, viz 28m+ incoming), Ulong Channel (high-speed drift), German Channel (gentle, manta cleaning), Peleliu (dangerous down-currents, dry-season only)"
Palau,9,May,early,30,Good,Grey-reef shark peak; mantas feeding on plankton,Warmest; transition; often calmest,"Tidal, strongest at full/new moon; Blue Corner (reef hooks, viz 28m+ incoming), Ulong Channel (high-speed drift), German Channel (gentle, manta cleaning), Peleliu (dangerous down-currents, dry-season only)"
Palau,10,May,late,30,Good,Grey-reef shark peak; mantas feeding on plankton,Warmest; transition; often calmest,"Tidal, strongest at full/new moon; Blue Corner (reef hooks, viz 28m+ incoming), Ulong Channel (high-speed drift), German Channel (gentle, manta cleaning), Peleliu (dangerous down-currents, dry-season only)"
Palau,11,Jun,early,30,Good,Camouflage grouper spawn (Jun-Aug new moon); mantas; sharks,Wet season begins; warmest water,"Tidal, strongest at full/new moon; Blue Corner (reef hooks, viz 28m+ incoming), Ulong Channel (high-speed drift), German Channel (gentle, manta cleaning), Peleliu (dangerous down-currents, dry-season only)"
Palau,12,Jun,late,30,Good,Camouflage grouper spawn (Jun-Aug new moon); mantas; sharks,Wet season begins; warmest water,"Tidal, strongest at full/new moon; Blue Corner (reef hooks, viz 28m+ incoming), Ulong Channel (high-speed drift), German Channel (gentle, manta cleaning), Peleliu (dangerous down-currents, dry-season only)"
Palau,13,Jul,early,29,Low,Grouper spawning; mantas; reef sharks,Wettest month (~400mm); rougher; viz 15-20m,"Tidal, strongest at full/new moon; Blue Corner (reef hooks, viz 28m+ incoming), Ulong Channel (high-speed drift), German Channel (gentle, manta cleaning), Peleliu (dangerous down-currents, dry-season only)"
Palau,14,Jul,late,29,Low,Grouper spawning; mantas; reef sharks,Wettest month (~400mm); rougher; viz 15-20m,"Tidal, strongest at full/new moon; Blue Corner (reef hooks, viz 28m+ incoming), Ulong Channel (high-speed drift), German Channel (gentle, manta cleaning), Peleliu (dangerous down-currents, dry-season only)"
Palau,15,Aug,early,29,Low,Grouper spawning; mantas; pelagics,Wet; strong W winds; viz reduced,"Tidal, strongest at full/new moon; Blue Corner (reef hooks, viz 28m+ incoming), Ulong Channel (high-speed drift), German Channel (gentle, manta cleaning), Peleliu (dangerous down-currents, dry-season only)"
Palau,16,Aug,late,29,Low,Grouper spawning; mantas; pelagics,Wet; strong W winds; viz reduced,"Tidal, strongest at full/new moon; Blue Corner (reef hooks, viz 28m+ incoming), Ulong Channel (high-speed drift), German Channel (gentle, manta cleaning), Peleliu (dangerous down-currents, dry-season only)"
Palau,17,Sep,early,29,Shoulder,Mantas; reef sharks; pelagics,Wet season; rougher seas,"Tidal, strongest at full/new moon; Blue Corner (reef hooks, viz 28m+ incoming), Ulong Channel (high-speed drift), German Channel (gentle, manta cleaning), Peleliu (dangerous down-currents, dry-season only)"
Palau,18,Sep,late,29,Shoulder,Mantas; reef sharks; pelagics,Wet season; rougher seas,"Tidal, strongest at full/new moon; Blue Corner (reef hooks, viz 28m+ incoming), Ulong Channel (high-speed drift), German Channel (gentle, manta cleaning), Peleliu (dangerous down-currents, dry-season only)"
Palau,19,Oct,early,29,Good,Mantas building; sharks,Transition; winds switching; often calm,"Tidal, strongest at full/new moon; Blue Corner (reef hooks, viz 28m+ incoming), Ulong Channel (high-speed drift), German Channel (gentle, manta cleaning), Peleliu (dangerous down-currents, dry-season only)"
Palau,20,Oct,late,29,Good,Mantas building; sharks,Transition; winds switching; often calm,"Tidal, strongest at full/new moon; Blue Corner (reef hooks, viz 28m+ incoming), Ulong Channel (high-speed drift), German Channel (gentle, manta cleaning), Peleliu (dangerous down-currents, dry-season only)"
Palau,21,Nov,early,29,Good,Mantas; whale sharks (Nov-Apr); Jellyfish Lake,Dry season returns; calming,"Tidal, strongest at full/new moon; Blue Corner (reef hooks, viz 28m+ incoming), Ulong Channel (high-speed drift), German Channel (gentle, manta cleaning), Peleliu (dangerous down-currents, dry-season only)"
Palau,22,Nov,late,29,Good,Mantas; whale sharks (Nov-Apr); Jellyfish Lake,Dry season returns; calming,"Tidal, strongest at full/new moon; Blue Corner (reef hooks, viz 28m+ incoming), Ulong Channel (high-speed drift), German Channel (gentle, manta cleaning), Peleliu (dangerous down-currents, dry-season only)"
Palau,23,Dec,early,28,Good,Mantas (German Channel); spawning; whale sharks,Dry season; calm; viz >30m,"Tidal, strongest at full/new moon; Blue Corner (reef hooks, viz 28m+ incoming), Ulong Channel (high-speed drift), German Channel (gentle, manta cleaning), Peleliu (dangerous down-currents, dry-season only)"
Palau,24,Dec,late,28,Good,Mantas (German Channel); spawning; whale sharks,Dry season; calm; viz >30m,"Tidal, strongest at full/new moon; Blue Corner (reef hooks, viz 28m+ incoming), Ulong Channel (high-speed drift), German Channel (gentle, manta cleaning), Peleliu (dangerous down-currents, dry-season only)"
Great Barrier Reef,1,Jan,early,30,Good,Green turtle nesting (Raine Is); reef life,Mid-summer wet; warmest; stinger season; cyclone risk,Inner reefs mild; outer/Ribbon Reef walls drift dives timed to tides; Coral Sea/Osprey significant currents (North Horn shark feed); SS Yongala strong/severe current - slack tide only
Great Barrier Reef,2,Jan,late,30,Good,Green turtle nesting (Raine Is); reef life,Mid-summer wet; warmest; stinger season; cyclone risk,Inner reefs mild; outer/Ribbon Reef walls drift dives timed to tides; Coral Sea/Osprey significant currents (North Horn shark feed); SS Yongala strong/severe current - slack tide only
Great Barrier Reef,3,Feb,early,29,Good,Turtle nesting/hatching peak; reef life,Late summer wet; warm; stingers; cyclone risk,Inner reefs mild; outer/Ribbon Reef walls drift dives timed to tides; Coral Sea/Osprey significant currents (North Horn shark feed); SS Yongala strong/severe current - slack tide only
Great Barrier Reef,4,Feb,late,29,Good,Turtle nesting/hatching peak; reef life,Late summer wet; warm; stingers; cyclone risk,Inner reefs mild; outer/Ribbon Reef walls drift dives timed to tides; Coral Sea/Osprey significant currents (North Horn shark feed); SS Yongala strong/severe current - slack tide only
Great Barrier Reef,5,Mar,early,28,Good,Reef life; turtles,Early autumn wet tapering; stingers,Inner reefs mild; outer/Ribbon Reef walls drift dives timed to tides; Coral Sea/Osprey significant currents (North Horn shark feed); SS Yongala strong/severe current - slack tide only
Great Barrier Reef,6,Mar,late,28,Good,Reef life; turtles,Early autumn wet tapering; stingers,Inner reefs mild; outer/Ribbon Reef walls drift dives timed to tides; Coral Sea/Osprey significant currents (North Horn shark feed); SS Yongala strong/severe current - slack tide only
Great Barrier Reef,7,Apr,early,27,Good,Reef life; turtles,Autumn; wet tapering; stinger season ending,Inner reefs mild; outer/Ribbon Reef walls drift dives timed to tides; Coral Sea/Osprey significant currents (North Horn shark feed); SS Yongala strong/severe current - slack tide only
Great Barrier Reef,8,Apr,late,27,Good,Reef life; turtles,Autumn; wet tapering; stinger season ending,Inner reefs mild; outer/Ribbon Reef walls drift dives timed to tides; Coral Sea/Osprey significant currents (North Horn shark feed); SS Yongala strong/severe current - slack tide only
Great Barrier Reef,9,May,early,26,Peak,Reef life; manta plankton blooms begin; minke season starts,Dry begins; trade winds; reef 'as good as it gets',Inner reefs mild; outer/Ribbon Reef walls drift dives timed to tides; Coral Sea/Osprey significant currents (North Horn shark feed); SS Yongala strong/severe current - slack tide only
Great Barrier Reef,10,May,late,26,Peak,Reef life; manta plankton blooms begin; minke season starts,Dry begins; trade winds; reef 'as good as it gets',Inner reefs mild; outer/Ribbon Reef walls drift dives timed to tides; Coral Sea/Osprey significant currents (North Horn shark feed); SS Yongala strong/severe current - slack tide only
Great Barrier Reef,11,Jun,early,24,Peak,DWARF MINKE WHALES (Ribbon Reefs); humpbacks; mantas,"Dry; calm, clear; choppier crossings",Inner reefs mild; outer/Ribbon Reef walls drift dives timed to tides; Coral Sea/Osprey significant currents (North Horn shark feed); SS Yongala strong/severe current - slack tide only
Great Barrier Reef,12,Jun,late,24,Peak,DWARF MINKE WHALES (Ribbon Reefs); humpbacks; mantas,"Dry; calm, clear; choppier crossings",Inner reefs mild; outer/Ribbon Reef walls drift dives timed to tides; Coral Sea/Osprey significant currents (North Horn shark feed); SS Yongala strong/severe current - slack tide only
Great Barrier Reef,13,Jul,early,23,Peak,Dwarf minke whales (peak); humpbacks; potato cod,Mid-winter; coldest; best viz; trade winds,Inner reefs mild; outer/Ribbon Reef walls drift dives timed to tides; Coral Sea/Osprey significant currents (North Horn shark feed); SS Yongala strong/severe current - slack tide only
Great Barrier Reef,14,Jul,late,23,Peak,Dwarf minke whales (peak); humpbacks; potato cod,Mid-winter; coldest; best viz; trade winds,Inner reefs mild; outer/Ribbon Reef walls drift dives timed to tides; Coral Sea/Osprey significant currents (North Horn shark feed); SS Yongala strong/severe current - slack tide only
Great Barrier Reef,15,Aug,early,23,Peak,Humpbacks; reef/hammerhead sharks (Osprey); potato cod,"Often BEST month: dry, calm, clear; Coral Sea viz 40-100m",Inner reefs mild; outer/Ribbon Reef walls drift dives timed to tides; Coral Sea/Osprey significant currents (North Horn shark feed); SS Yongala strong/severe current - slack tide only
Great Barrier Reef,16,Aug,late,23,Peak,Humpbacks; reef/hammerhead sharks (Osprey); potato cod,"Often BEST month: dry, calm, clear; Coral Sea viz 40-100m",Inner reefs mild; outer/Ribbon Reef walls drift dives timed to tides; Coral Sea/Osprey significant currents (North Horn shark feed); SS Yongala strong/severe current - slack tide only
Great Barrier Reef,17,Sep,early,24,Peak,Humpbacks; sharks; potato cod,"Early spring dry; calm, clear; fewer crowds",Inner reefs mild; outer/Ribbon Reef walls drift dives timed to tides; Coral Sea/Osprey significant currents (North Horn shark feed); SS Yongala strong/severe current - slack tide only
Great Barrier Reef,18,Sep,late,24,Peak,Humpbacks; sharks; potato cod,"Early spring dry; calm, clear; fewer crowds",Inner reefs mild; outer/Ribbon Reef walls drift dives timed to tides; Coral Sea/Osprey significant currents (North Horn shark feed); SS Yongala strong/severe current - slack tide only
Great Barrier Reef,19,Oct,early,25,Peak,Reef sharks; potato cod; humpbacks tail,"Spring dry; trades easing; calm seas, great viz",Inner reefs mild; outer/Ribbon Reef walls drift dives timed to tides; Coral Sea/Osprey significant currents (North Horn shark feed); SS Yongala strong/severe current - slack tide only
Great Barrier Reef,20,Oct,late,25,Peak,Reef sharks; potato cod; humpbacks tail,"Spring dry; trades easing; calm seas, great viz",Inner reefs mild; outer/Ribbon Reef walls drift dives timed to tides; Coral Sea/Osprey significant currents (North Horn shark feed); SS Yongala strong/severe current - slack tide only
Great Barrier Reef,21,Nov,early,27,Good,CORAL MASS SPAWNING (after full moon); turtle nesting begins,Late spring; warming; stinger season starts,Inner reefs mild; outer/Ribbon Reef walls drift dives timed to tides; Coral Sea/Osprey significant currents (North Horn shark feed); SS Yongala strong/severe current - slack tide only
Great Barrier Reef,22,Nov,late,27,Good,CORAL MASS SPAWNING (after full moon); turtle nesting begins,Late spring; warming; stinger season starts,Inner reefs mild; outer/Ribbon Reef walls drift dives timed to tides; Coral Sea/Osprey significant currents (North Horn shark feed); SS Yongala strong/severe current - slack tide only
Great Barrier Reef,23,Dec,early,28,Good,Green turtle nesting (Raine Is); coral spawning spill,Early summer wet; warm; stingers; cyclone risk,Inner reefs mild; outer/Ribbon Reef walls drift dives timed to tides; Coral Sea/Osprey significant currents (North Horn shark feed); SS Yongala strong/severe current - slack tide only
Great Barrier Reef,24,Dec,late,28,Good,Green turtle nesting (Raine Is); coral spawning spill,Early summer wet; warm; stingers; cyclone risk,Inner reefs mild; outer/Ribbon Reef walls drift dives timed to tides; Coral Sea/Osprey significant currents (North Horn shark feed); SS Yongala strong/severe current - slack tide only
Truk (Chuuk) Lagoon,1,Jan,early,29,Peak,"Coral-encrusted wrecks (266+ fish sp); reef sharks, turtles, rays",Drier season; calm; best viz 24-32m,Sheltered lagoon - mild to negligible; mild current only on some wrecks/passes; far calmer than open ocean; near-uniform temp surface-to-depth (no thermocline)
Truk (Chuuk) Lagoon,2,Jan,late,29,Peak,"Coral-encrusted wrecks (266+ fish sp); reef sharks, turtles, rays",Drier season; calm; best viz 24-32m,Sheltered lagoon - mild to negligible; mild current only on some wrecks/passes; far calmer than open ocean; near-uniform temp surface-to-depth (no thermocline)
Truk (Chuuk) Lagoon,3,Feb,early,29,Peak,Wreck reefs; reef sharks (deep wrecks); turtles,Drier; calm; coolest but ~28C; best viz,Sheltered lagoon - mild to negligible; mild current only on some wrecks/passes; far calmer than open ocean; near-uniform temp surface-to-depth (no thermocline)
Truk (Chuuk) Lagoon,4,Feb,late,29,Peak,Wreck reefs; reef sharks (deep wrecks); turtles,Drier; calm; coolest but ~28C; best viz,Sheltered lagoon - mild to negligible; mild current only on some wrecks/passes; far calmer than open ocean; near-uniform temp surface-to-depth (no thermocline)
Truk (Chuuk) Lagoon,5,Mar,early,28,Peak,"Wreck marine life; sharks, rays, turtles",Drier season; calm seas; good viz,Sheltered lagoon - mild to negligible; mild current only on some wrecks/passes; far calmer than open ocean; near-uniform temp surface-to-depth (no thermocline)
Truk (Chuuk) Lagoon,6,Mar,late,28,Peak,"Wreck marine life; sharks, rays, turtles",Drier season; calm seas; good viz,Sheltered lagoon - mild to negligible; mild current only on some wrecks/passes; far calmer than open ocean; near-uniform temp surface-to-depth (no thermocline)
Truk (Chuuk) Lagoon,7,Apr,early,28,Peak,"Wreck reefs; sharks, turtles, occasional manta",Dry sweet spot; calm; viz good,Sheltered lagoon - mild to negligible; mild current only on some wrecks/passes; far calmer than open ocean; near-uniform temp surface-to-depth (no thermocline)
Truk (Chuuk) Lagoon,8,Apr,late,28,Peak,"Wreck reefs; sharks, turtles, occasional manta",Dry sweet spot; calm; viz good,Sheltered lagoon - mild to negligible; mild current only on some wrecks/passes; far calmer than open ocean; near-uniform temp surface-to-depth (no thermocline)
Truk (Chuuk) Lagoon,9,May,early,28,Good,Wreck marine life; reef fish schools,Transition to wet; wettest month; choppier,Sheltered lagoon - mild to negligible; mild current only on some wrecks/passes; far calmer than open ocean; near-uniform temp surface-to-depth (no thermocline)
Truk (Chuuk) Lagoon,10,May,late,28,Good,Wreck marine life; reef fish schools,Transition to wet; wettest month; choppier,Sheltered lagoon - mild to negligible; mild current only on some wrecks/passes; far calmer than open ocean; near-uniform temp surface-to-depth (no thermocline)
Truk (Chuuk) Lagoon,11,Jun,early,30,Good,"Wreck reefs; sharks, turtles",Wet season; warm; viz 10-18m,Sheltered lagoon - mild to negligible; mild current only on some wrecks/passes; far calmer than open ocean; near-uniform temp surface-to-depth (no thermocline)
Truk (Chuuk) Lagoon,12,Jun,late,30,Good,"Wreck reefs; sharks, turtles",Wet season; warm; viz 10-18m,Sheltered lagoon - mild to negligible; mild current only on some wrecks/passes; far calmer than open ocean; near-uniform temp surface-to-depth (no thermocline)
Truk (Chuuk) Lagoon,13,Jul,early,29,Good,Wreck marine life; reef life,Wet; frequent rain; cheaper deals,Sheltered lagoon - mild to negligible; mild current only on some wrecks/passes; far calmer than open ocean; near-uniform temp surface-to-depth (no thermocline)
Truk (Chuuk) Lagoon,14,Jul,late,29,Good,Wreck marine life; reef life,Wet; frequent rain; cheaper deals,Sheltered lagoon - mild to negligible; mild current only on some wrecks/passes; far calmer than open ocean; near-uniform temp surface-to-depth (no thermocline)
Truk (Chuuk) Lagoon,15,Aug,early,29,Good,"Wreck reefs; sharks, rays",Wet; windy shoulder; viz lower,Sheltered lagoon - mild to negligible; mild current only on some wrecks/passes; far calmer than open ocean; near-uniform temp surface-to-depth (no thermocline)
Truk (Chuuk) Lagoon,16,Aug,late,29,Good,"Wreck reefs; sharks, rays",Wet; windy shoulder; viz lower,Sheltered lagoon - mild to negligible; mild current only on some wrecks/passes; far calmer than open ocean; near-uniform temp surface-to-depth (no thermocline)
Truk (Chuuk) Lagoon,17,Sep,early,29,Good,Wreck marine life; reef fish,Wet season; choppier surface,Sheltered lagoon - mild to negligible; mild current only on some wrecks/passes; far calmer than open ocean; near-uniform temp surface-to-depth (no thermocline)
Truk (Chuuk) Lagoon,18,Sep,late,29,Good,Wreck marine life; reef fish,Wet season; choppier surface,Sheltered lagoon - mild to negligible; mild current only on some wrecks/passes; far calmer than open ocean; near-uniform temp surface-to-depth (no thermocline)
Truk (Chuuk) Lagoon,19,Oct,early,29,Good,"Wreck reefs; sharks, turtles",Warm; windy shoulder; viz improving,Sheltered lagoon - mild to negligible; mild current only on some wrecks/passes; far calmer than open ocean; near-uniform temp surface-to-depth (no thermocline)
Truk (Chuuk) Lagoon,20,Oct,late,29,Good,"Wreck reefs; sharks, turtles",Warm; windy shoulder; viz improving,Sheltered lagoon - mild to negligible; mild current only on some wrecks/passes; far calmer than open ocean; near-uniform temp surface-to-depth (no thermocline)
Truk (Chuuk) Lagoon,21,Nov,early,30,Good,Wreck marine life; reef life,Among warmest; viz best when not raining,Sheltered lagoon - mild to negligible; mild current only on some wrecks/passes; far calmer than open ocean; near-uniform temp surface-to-depth (no thermocline)
Truk (Chuuk) Lagoon,22,Nov,late,30,Good,Wreck marine life; reef life,Among warmest; viz best when not raining,Sheltered lagoon - mild to negligible; mild current only on some wrecks/passes; far calmer than open ocean; near-uniform temp surface-to-depth (no thermocline)
Truk (Chuuk) Lagoon,23,Dec,early,29,Peak,"Coral-encrusted wrecks; sharks, turtles, rays",Drier season begins; calm; viz improving,Sheltered lagoon - mild to negligible; mild current only on some wrecks/passes; far calmer than open ocean; near-uniform temp surface-to-depth (no thermocline)
Truk (Chuuk) Lagoon,24,Dec,late,29,Peak,"Coral-encrusted wrecks; sharks, turtles, rays",Drier season begins; calm; viz improving,Sheltered lagoon - mild to negligible; mild current only on some wrecks/passes; far calmer than open ocean; near-uniform temp surface-to-depth (no thermocline)
Cocos Island,1,Jan,early,28,Good,Tiger sharks; mobula schools; silky sharks; hammerheads (steady),"Dry: viz >30m, calm crossings; thermocline to ~22C",Strong (1-4kt) + surge; advanced & liveaboard-only (~36h crossing); reef-hook hanging at Bajo Alcyone; Dirty Rock sheltered; currents strengthen wet season (Jun-Nov upwelling)
Cocos Island,2,Jan,late,28,Good,Tiger sharks; mobula schools; silky sharks; hammerheads (steady),"Dry: viz >30m, calm crossings; thermocline to ~22C",Strong (1-4kt) + surge; advanced & liveaboard-only (~36h crossing); reef-hook hanging at Bajo Alcyone; Dirty Rock sheltered; currents strengthen wet season (Jun-Nov upwelling)
Cocos Island,3,Feb,early,28,Good,Tiger sharks; mobula schools; silkies; Galapagos/whitetip sharks,Dry; best viz; calm; warmer,Strong (1-4kt) + surge; advanced & liveaboard-only (~36h crossing); reef-hook hanging at Bajo Alcyone; Dirty Rock sheltered; currents strengthen wet season (Jun-Nov upwelling)
Cocos Island,4,Feb,late,28,Good,Tiger sharks; mobula schools; silkies; Galapagos/whitetip sharks,Dry; best viz; calm; warmer,Strong (1-4kt) + surge; advanced & liveaboard-only (~36h crossing); reef-hook hanging at Bajo Alcyone; Dirty Rock sheltered; currents strengthen wet season (Jun-Nov upwelling)
Cocos Island,5,Mar,early,28,Good,Tiger sharks; mobula schools; dolphins,Dry; viz >30m; calm,Strong (1-4kt) + surge; advanced & liveaboard-only (~36h crossing); reef-hook hanging at Bajo Alcyone; Dirty Rock sheltered; currents strengthen wet season (Jun-Nov upwelling)
Cocos Island,6,Mar,late,28,Good,Tiger sharks; mobula schools; dolphins,Dry; viz >30m; calm,Strong (1-4kt) + surge; advanced & liveaboard-only (~36h crossing); reef-hook hanging at Bajo Alcyone; Dirty Rock sheltered; currents strengthen wet season (Jun-Nov upwelling)
Cocos Island,7,Apr,early,29,Good,Tiger sharks; mobulas; silkies; hammerheads,Warmest; dry; calm; great viz,Strong (1-4kt) + surge; advanced & liveaboard-only (~36h crossing); reef-hook hanging at Bajo Alcyone; Dirty Rock sheltered; currents strengthen wet season (Jun-Nov upwelling)
Cocos Island,8,Apr,late,29,Good,Tiger sharks; mobulas; silkies; hammerheads,Warmest; dry; calm; great viz,Strong (1-4kt) + surge; advanced & liveaboard-only (~36h crossing); reef-hook hanging at Bajo Alcyone; Dirty Rock sheltered; currents strengthen wet season (Jun-Nov upwelling)
Cocos Island,9,May,early,28,Good,Mobula schools tail; whale sharks (plankton rising),Dry/transition; viz still good,Strong (1-4kt) + surge; advanced & liveaboard-only (~36h crossing); reef-hook hanging at Bajo Alcyone; Dirty Rock sheltered; currents strengthen wet season (Jun-Nov upwelling)
Cocos Island,10,May,late,28,Good,Mobula schools tail; whale sharks (plankton rising),Dry/transition; viz still good,Strong (1-4kt) + surge; advanced & liveaboard-only (~36h crossing); reef-hook hanging at Bajo Alcyone; Dirty Rock sheltered; currents strengthen wet season (Jun-Nov upwelling)
Cocos Island,11,Jun,early,26,Peak,Hammerheads building; whale sharks; mantas,Wet begins; currents strengthen; viz dropping,Strong (1-4kt) + surge; advanced & liveaboard-only (~36h crossing); reef-hook hanging at Bajo Alcyone; Dirty Rock sheltered; currents strengthen wet season (Jun-Nov upwelling)
Cocos Island,12,Jun,late,26,Peak,Hammerheads building; whale sharks; mantas,Wet begins; currents strengthen; viz dropping,Strong (1-4kt) + surge; advanced & liveaboard-only (~36h crossing); reef-hook hanging at Bajo Alcyone; Dirty Rock sheltered; currents strengthen wet season (Jun-Nov upwelling)
Cocos Island,13,Jul,early,25,Peak,Hammerhead schools; whale sharks; mantas,Wet; rougher crossings; green water,Strong (1-4kt) + surge; advanced & liveaboard-only (~36h crossing); reef-hook hanging at Bajo Alcyone; Dirty Rock sheltered; currents strengthen wet season (Jun-Nov upwelling)
Cocos Island,14,Jul,late,25,Peak,Hammerhead schools; whale sharks; mantas,Wet; rougher crossings; green water,Strong (1-4kt) + surge; advanced & liveaboard-only (~36h crossing); reef-hook hanging at Bajo Alcyone; Dirty Rock sheltered; currents strengthen wet season (Jun-Nov upwelling)
Cocos Island,15,Aug,early,25,Peak,HAMMERHEAD nirvana (100-500+); whale sharks; mantas,Wet peak; thermocline (rare to 6C); viz 10-25m,Strong (1-4kt) + surge; advanced & liveaboard-only (~36h crossing); reef-hook hanging at Bajo Alcyone; Dirty Rock sheltered; currents strengthen wet season (Jun-Nov upwelling)
Cocos Island,16,Aug,late,25,Peak,HAMMERHEAD nirvana (100-500+); whale sharks; mantas,Wet peak; thermocline (rare to 6C); viz 10-25m,Strong (1-4kt) + surge; advanced & liveaboard-only (~36h crossing); reef-hook hanging at Bajo Alcyone; Dirty Rock sheltered; currents strengthen wet season (Jun-Nov upwelling)
Cocos Island,17,Sep,early,25,Peak,Hammerhead peak; whale sharks; mantas,Wet peak; rough; low viz but peak action,Strong (1-4kt) + surge; advanced & liveaboard-only (~36h crossing); reef-hook hanging at Bajo Alcyone; Dirty Rock sheltered; currents strengthen wet season (Jun-Nov upwelling)
Cocos Island,18,Sep,late,25,Peak,Hammerhead peak; whale sharks; mantas,Wet peak; rough; low viz but peak action,Strong (1-4kt) + surge; advanced & liveaboard-only (~36h crossing); reef-hook hanging at Bajo Alcyone; Dirty Rock sheltered; currents strengthen wet season (Jun-Nov upwelling)
Cocos Island,19,Oct,early,25,Peak,Hammerhead/whale-shark peak; mantas,Wet peak; rough crossings; green water,Strong (1-4kt) + surge; advanced & liveaboard-only (~36h crossing); reef-hook hanging at Bajo Alcyone; Dirty Rock sheltered; currents strengthen wet season (Jun-Nov upwelling)
Cocos Island,20,Oct,late,25,Peak,Hammerhead/whale-shark peak; mantas,Wet peak; rough crossings; green water,Strong (1-4kt) + surge; advanced & liveaboard-only (~36h crossing); reef-hook hanging at Bajo Alcyone; Dirty Rock sheltered; currents strengthen wet season (Jun-Nov upwelling)
Cocos Island,21,Nov,early,26,Good,Hammerheads tail; whale sharks; mantas,Wet ends; currents easing,Strong (1-4kt) + surge; advanced & liveaboard-only (~36h crossing); reef-hook hanging at Bajo Alcyone; Dirty Rock sheltered; currents strengthen wet season (Jun-Nov upwelling)
Cocos Island,22,Nov,late,26,Good,Hammerheads tail; whale sharks; mantas,Wet ends; currents easing,Strong (1-4kt) + surge; advanced & liveaboard-only (~36h crossing); reef-hook hanging at Bajo Alcyone; Dirty Rock sheltered; currents strengthen wet season (Jun-Nov upwelling)
Cocos Island,23,Dec,early,27,Good,Tiger sharks; mobula schools building; silkies,Dry begins; viz improving; calmer,Strong (1-4kt) + surge; advanced & liveaboard-only (~36h crossing); reef-hook hanging at Bajo Alcyone; Dirty Rock sheltered; currents strengthen wet season (Jun-Nov upwelling)
Cocos Island,24,Dec,late,27,Good,Tiger sharks; mobula schools building; silkies,Dry begins; viz improving; calmer,Strong (1-4kt) + surge; advanced & liveaboard-only (~36h crossing); reef-hook hanging at Bajo Alcyone; Dirty Rock sheltered; currents strengthen wet season (Jun-Nov upwelling)
Komodo National Park,1,Jan,early,29 / 26,Good,South mantas PEAK (Manta Alley); hammerheads (south); macro explosion,"Wet; lower viz (5-15m), choppier north; Dec can be 30m+","Tidal, strongest at full/new moon; powerful drift; Castle Rock/Crystal Rock (reef-hook pinnacles), Batu Bolong (ferocious flank currents), The Cauldron/Shotgun (committed drift); downcurrents at pinnacles. N warm/calm, S cold upwelling/rough"
Komodo National Park,2,Jan,late,29 / 26,Good,South mantas PEAK (Manta Alley); hammerheads (south); macro explosion,"Wet; lower viz (5-15m), choppier north; Dec can be 30m+","Tidal, strongest at full/new moon; powerful drift; Castle Rock/Crystal Rock (reef-hook pinnacles), Batu Bolong (ferocious flank currents), The Cauldron/Shotgun (committed drift); downcurrents at pinnacles. N warm/calm, S cold upwelling/rough"
Komodo National Park,3,Feb,early,29 / 26,Good,"South manta PEAK (Jan-Feb); macro (Rhinopias, frogfish); hammerheads",Wet; lower viz; southern manta aggregations largest,"Tidal, strongest at full/new moon; powerful drift; Castle Rock/Crystal Rock (reef-hook pinnacles), Batu Bolong (ferocious flank currents), The Cauldron/Shotgun (committed drift); downcurrents at pinnacles. N warm/calm, S cold upwelling/rough"
Komodo National Park,4,Feb,late,29 / 26,Good,"South manta PEAK (Jan-Feb); macro (Rhinopias, frogfish); hammerheads",Wet; lower viz; southern manta aggregations largest,"Tidal, strongest at full/new moon; powerful drift; Castle Rock/Crystal Rock (reef-hook pinnacles), Batu Bolong (ferocious flank currents), The Cauldron/Shotgun (committed drift); downcurrents at pinnacles. N warm/calm, S cold upwelling/rough"
Komodo National Park,5,Mar,early,29 / 25,Good,South mantas; hammerheads (to early Apr); rich macro,Wet tapering; viz improving,"Tidal, strongest at full/new moon; powerful drift; Castle Rock/Crystal Rock (reef-hook pinnacles), Batu Bolong (ferocious flank currents), The Cauldron/Shotgun (committed drift); downcurrents at pinnacles. N warm/calm, S cold upwelling/rough"
Komodo National Park,6,Mar,late,29 / 25,Good,South mantas; hammerheads (to early Apr); rich macro,Wet tapering; viz improving,"Tidal, strongest at full/new moon; powerful drift; Castle Rock/Crystal Rock (reef-hook pinnacles), Batu Bolong (ferocious flank currents), The Cauldron/Shotgun (committed drift); downcurrents at pinnacles. N warm/calm, S cold upwelling/rough"
Komodo National Park,7,Apr,early,28 / 25,Peak,N/Central mantas active; whale sharks (Apr-Jun); reef sharks,Dry begins; SWEET SPOT; manageable currents,"Tidal, strongest at full/new moon; powerful drift; Castle Rock/Crystal Rock (reef-hook pinnacles), Batu Bolong (ferocious flank currents), The Cauldron/Shotgun (committed drift); downcurrents at pinnacles. N warm/calm, S cold upwelling/rough"
Komodo National Park,8,Apr,late,28 / 25,Peak,N/Central mantas active; whale sharks (Apr-Jun); reef sharks,Dry begins; SWEET SPOT; manageable currents,"Tidal, strongest at full/new moon; powerful drift; Castle Rock/Crystal Rock (reef-hook pinnacles), Batu Bolong (ferocious flank currents), The Cauldron/Shotgun (committed drift); downcurrents at pinnacles. N warm/calm, S cold upwelling/rough"
Komodo National Park,9,May,early,28 / 25,Peak,N/Central mantas; whale sharks; reef sharks,"Dry; SINGLE BEST MONTH; clear, calm, fewer crowds","Tidal, strongest at full/new moon; powerful drift; Castle Rock/Crystal Rock (reef-hook pinnacles), Batu Bolong (ferocious flank currents), The Cauldron/Shotgun (committed drift); downcurrents at pinnacles. N warm/calm, S cold upwelling/rough"
Komodo National Park,10,May,late,28 / 25,Peak,N/Central mantas; whale sharks; reef sharks,"Dry; SINGLE BEST MONTH; clear, calm, fewer crowds","Tidal, strongest at full/new moon; powerful drift; Castle Rock/Crystal Rock (reef-hook pinnacles), Batu Bolong (ferocious flank currents), The Cauldron/Shotgun (committed drift); downcurrents at pinnacles. N warm/calm, S cold upwelling/rough"
Komodo National Park,11,Jun,early,28 / 23,Peak,N/Central mantas; whale sharks; reef sharks,Dry; clear; upwelling builds south,"Tidal, strongest at full/new moon; powerful drift; Castle Rock/Crystal Rock (reef-hook pinnacles), Batu Bolong (ferocious flank currents), The Cauldron/Shotgun (committed drift); downcurrents at pinnacles. N warm/calm, S cold upwelling/rough"
Komodo National Park,12,Jun,late,28 / 23,Peak,N/Central mantas; whale sharks; reef sharks,Dry; clear; upwelling builds south,"Tidal, strongest at full/new moon; powerful drift; Castle Rock/Crystal Rock (reef-hook pinnacles), Batu Bolong (ferocious flank currents), The Cauldron/Shotgun (committed drift); downcurrents at pinnacles. N warm/calm, S cold upwelling/rough"
Komodo National Park,13,Jul,early,27 / 21,Peak,N mantas; reef sharks; mola season nears,Dry; best N viz; peak cold upwelling south; busy,"Tidal, strongest at full/new moon; powerful drift; Castle Rock/Crystal Rock (reef-hook pinnacles), Batu Bolong (ferocious flank currents), The Cauldron/Shotgun (committed drift); downcurrents at pinnacles. N warm/calm, S cold upwelling/rough"
Komodo National Park,14,Jul,late,27 / 21,Peak,N mantas; reef sharks; mola season nears,Dry; best N viz; peak cold upwelling south; busy,"Tidal, strongest at full/new moon; powerful drift; Castle Rock/Crystal Rock (reef-hook pinnacles), Batu Bolong (ferocious flank currents), The Cauldron/Shotgun (committed drift); downcurrents at pinnacles. N warm/calm, S cold upwelling/rough"
Komodo National Park,15,Aug,early,27 / 20,Peak,MOLA MOLA peak (south stations); N mantas; reef sharks,Dry; N viz up to 30m; south cold/green; busiest,"Tidal, strongest at full/new moon; powerful drift; Castle Rock/Crystal Rock (reef-hook pinnacles), Batu Bolong (ferocious flank currents), The Cauldron/Shotgun (committed drift); downcurrents at pinnacles. N warm/calm, S cold upwelling/rough"
Komodo National Park,16,Aug,late,27 / 20,Peak,MOLA MOLA peak (south stations); N mantas; reef sharks,Dry; N viz up to 30m; south cold/green; busiest,"Tidal, strongest at full/new moon; powerful drift; Castle Rock/Crystal Rock (reef-hook pinnacles), Batu Bolong (ferocious flank currents), The Cauldron/Shotgun (committed drift); downcurrents at pinnacles. N warm/calm, S cold upwelling/rough"
Komodo National Park,17,Sep,early,27 / 22,Peak,Mola mola; N/Central mantas; reef sharks,Dry; great N viz; upwelling south,"Tidal, strongest at full/new moon; powerful drift; Castle Rock/Crystal Rock (reef-hook pinnacles), Batu Bolong (ferocious flank currents), The Cauldron/Shotgun (committed drift); downcurrents at pinnacles. N warm/calm, S cold upwelling/rough"
Komodo National Park,18,Sep,late,27 / 22,Peak,Mola mola; N/Central mantas; reef sharks,Dry; great N viz; upwelling south,"Tidal, strongest at full/new moon; powerful drift; Castle Rock/Crystal Rock (reef-hook pinnacles), Batu Bolong (ferocious flank currents), The Cauldron/Shotgun (committed drift); downcurrents at pinnacles. N warm/calm, S cold upwelling/rough"
Komodo National Park,19,Oct,early,28 / 24,Peak,Mola tail; N mantas (Karang Makassar); reef sharks,Dry ends; calm; good viz,"Tidal, strongest at full/new moon; powerful drift; Castle Rock/Crystal Rock (reef-hook pinnacles), Batu Bolong (ferocious flank currents), The Cauldron/Shotgun (committed drift); downcurrents at pinnacles. N warm/calm, S cold upwelling/rough"
Komodo National Park,20,Oct,late,28 / 24,Peak,Mola tail; N mantas (Karang Makassar); reef sharks,Dry ends; calm; good viz,"Tidal, strongest at full/new moon; powerful drift; Castle Rock/Crystal Rock (reef-hook pinnacles), Batu Bolong (ferocious flank currents), The Cauldron/Shotgun (committed drift); downcurrents at pinnacles. N warm/calm, S cold upwelling/rough"
Komodo National Park,21,Nov,early,28 / 25,Good,South mantas building (Manta Alley); reef sharks,Wet begins; viz lowering,"Tidal, strongest at full/new moon; powerful drift; Castle Rock/Crystal Rock (reef-hook pinnacles), Batu Bolong (ferocious flank currents), The Cauldron/Shotgun (committed drift); downcurrents at pinnacles. N warm/calm, S cold upwelling/rough"
Komodo National Park,22,Nov,late,28 / 25,Good,South mantas building (Manta Alley); reef sharks,Wet begins; viz lowering,"Tidal, strongest at full/new moon; powerful drift; Castle Rock/Crystal Rock (reef-hook pinnacles), Batu Bolong (ferocious flank currents), The Cauldron/Shotgun (committed drift); downcurrents at pinnacles. N warm/calm, S cold upwelling/rough"
Komodo National Park,23,Dec,early,29 / 26,Good,South manta peak begins; macro; reef sharks; dragons active,Wet; lower viz but can be 30m+; choppier north,"Tidal, strongest at full/new moon; powerful drift; Castle Rock/Crystal Rock (reef-hook pinnacles), Batu Bolong (ferocious flank currents), The Cauldron/Shotgun (committed drift); downcurrents at pinnacles. N warm/calm, S cold upwelling/rough"
Komodo National Park,24,Dec,late,29 / 26,Good,South manta peak begins; macro; reef sharks; dragons active,Wet; lower viz but can be 30m+; choppier north,"Tidal, strongest at full/new moon; powerful drift; Castle Rock/Crystal Rock (reef-hook pinnacles), Batu Bolong (ferocious flank currents), The Cauldron/Shotgun (committed drift); downcurrents at pinnacles. N warm/calm, S cold upwelling/rough"
